{
  "TargetMetadata":{
    "SupportLobs":true,
    "FullLobMode":false,
    "LobChunkSize":0,
    "LimitedSizeLobMode":true,
    "LobMaxSize":32,
    "TaskRecoveryTableEnabled":false,
    "BatchApplyEnabled":false
  },
  "Logging":{
    "EnableLogging":false,
    "LogComponents":[
      {
        "Id":"SOURCE_UNLOAD",
        "Severity":"LOGGER_SEVERITY_DEFAULT"
      },
      {
        "Id":"TARGET_LOAD",
        "Severity":"LOGGER_SEVERITY_DEFAULT"
      },
      {
        "Id":"SOURCE_CAPTURE",
        "Severity":"LOGGER_SEVERITY_DEFAULT"
      },
      {
        "Id":"TARGET_APPLY",
        "Severity":"LOGGER_SEVERITY_DEFAULT"
      },
      {
        "Id":"TASK_MANAGER",
        "Severity":"LOGGER_SEVERITY_DEFAULT"
      }
    ]
  },
  "ValidationSettings":{
    "EnableValidation":false
  },
  "FullLoadSettings":{
    "TargetTablePrepMode":"DROP_AND_CREATE",
    "StopTaskCachedChangesNotApplied":false,
    "StopTaskCachedChangesApplied":false,
    "MaxFullLoadSubTasks":8,
    "TransactionConsistencyTimeout":600,
    "CommitRate":10000
  },
  "ControlTablesSettings":{
    "ControlSchema":"",
    "StatusTableEnabled":false,
    "SuspendedTablesTableEnabled":false,
    "HistoryTableEnabled":false,
    "HistoryTimeslotInMinutes":5
  }
}