{
  "Version": "2012-10-17",
  "Statement": [
    {
      "Effect": "Allow",
      "Resource": "*",
      "Action": [
        "cloudwatch:*",
        "dynamodb:*",
        "ec2:Describe*",
        "elasticmapreduce:Describe*",
        "elasticmapreduce:ListBootstrapActions",
        "elasticmapreduce:ListClusters",
        "elasticmapreduce:ListInstanceGroups",
        "elasticmapreduce:ListInstances",
        "elasticmapreduce:ListSteps",
        "kinesis:CreateStream",
        "kinesis:DeleteStream",
        "kinesis:DescribeStream",
        "kinesis:GetRecords",
        "kinesis:GetShardIterator",
        "kinesis:MergeShards",
        "kinesis:PutRecord",
        "kinesis:SplitShard",
        "rds:Describe*",
        "s3:*",
        "sdb:*",
        "sns:*",
        "sqs:*",
        "glue:CreateDatabase",
        "glue:UpdateDatabase",
        "glue:DeleteDatabase",
        "glue:GetDatabase",
        "glue:GetDatabases",
        "glue:CreateTable",
        "glue:UpdateTable",
        "glue:DeleteTable",
        "glue:GetTable",
        "glue:GetTables",
        "glue:GetTableVersions",
        "glue:CreatePartition",
        "glue:BatchCreatePartition",
        "glue:UpdatePartition",
        "glue:DeletePartition",
        "glue:BatchDeletePartition",
        "glue:GetPartition",
        "glue:GetPartitions",
        "glue:BatchGetPartition",
        "glue:CreateUserDefinedFunction",
        "glue:UpdateUserDefinedFunction",
        "glue:DeleteUserDefinedFunction",
        "glue:GetUserDefinedFunction",
        "glue:GetUserDefinedFunctions"
      ]
    }
  ]
}